{
    "products": [
        {
            "category": "Микроволновые печи",
            "name": "BBK 17MWS-782MB",
            "code": "es186982",
            "nds_vat": "20%",
            "unit": "шт."
        },
        {
            "category": "Микроволновые печи",
            "name": "BBK 17MWS-783M/W",
            "code": "es171448",
            "nds_vat": "20%",
            "unit": "шт."
        },
        {
            "category": "Микроволновые печи",
            "name": "Bosch BEL524MB0",
            "code": "es162908",
            "nds_vat": "20%",
            "unit": "шт.",
            "url": "https://catalog.onliner.by/microvawe/bosch/bel524mb0"
        },
        {
            "category": "Микроволновые печи",
            "name": "Bosch BEL524MS0",
            "code": "es162909",
            "nds_vat": "20%",
            "unit": "шт."
        },
        {
            "category": "Микроволновые печи",
            "name": "Bosch BEL634GS1",
            "code": "es162920",
            "nds_vat": "20%",
            "unit": "шт.",
            "url": "https://catalog.onliner.by/microvawe/bosch/bel634gs1"
        },
        {
            "category": "Микроволновые печи",
            "name": "Candy CMXC 25DCS",
            "code": "es186997",
            "nds_vat": "20%",
            "unit": "шт."
        },
        {
            "category": "Микроволновые печи",
            "name": "Candy CMXC 30DCS",
            "code": "es187002",
            "nds_vat": "20%",
            "unit": "шт."
        },
        {
            "category": "Микроволновые печи",
            "name": "Electrolux EMT25203K",
            "code": "es162916",
            "nds_vat": "20%",
            "unit": "шт.",
            "url": "https://catalog.onliner.by/microvawe/electrolux/emt25203k"
        },
        {
            "category": "Микроволновые печи",
            "name": "Electrolux EMT25203OC",
            "code": "es162914",
            "nds_vat": "20%",
            "unit": "шт."
        },
        {
            "category": "Видеокамеры",
            "name": "Canon Legria HF G26",
            "code": "es177743",
            "nds_vat": "20%",
            "unit": "шт."
        },
        {
            "category": "Видеокамеры",
            "name": "Panasonic HC-VXF1",
            "code": "es197545",
            "nds_vat": "20%",
            "unit": "шт.",
            "url": "https://catalog.onliner.by/video/panasonic/hcvxf1"
        },
        {
            "category": "Видеокамеры",
            "name": "Panasonic HC-VXF990",
            "code": "es197542",
            "nds_vat": "20%",
            "unit": "шт."
        },
        {
            "category": "Видеокамеры",
            "name": "Sony FDR-AX33",
            "code": "es197538",
            "nds_vat": "20%",
            "unit": "шт.",
            "url": "https://catalog.onliner.by/video/sony/fdrax33"
        },
        {
            "category": "Видеокамеры",
            "name": "Sony FDR-AX53",
            "code": "es161231",
            "nds_vat": "20%",
            "unit": "шт."
        },
        {
            "category": "Видеокамеры",
            "name": "Sony FDR-AX700",
            "code": "es197540",
            "nds_vat": "20%",
            "unit": "шт."
        },
        {
            "category": "Видеокамеры",
            "name": "Sony HDR-CX625",
            "code": "es197539",
            "nds_vat": "20%",
            "unit": "шт."
        },
        {
            "category": "Видеокамеры",
            "name": "Canon Legria HF R806 (белый)",
            "code": "es197549",
            "nds_vat": "20%",
            "unit": "шт.",
            "url": "https://catalog.onliner.by/video/canon/legriahfr806w"
        },
        {
            "category": "Видеокамеры",
            "name": "Canon Legria HF R806 (черный)",
            "code": "es161232",
            "nds_vat": "20%",
            "unit": "шт."
        },
        {
            "category": "Видеокамеры",
            "name": "Panasonic HC-V380",
            "code": "es197543",
            "nds_vat": "20%",
            "unit": "шт.",
            "url": "https://catalog.onliner.by/video/panasonic/hcv380"
        },
        {
            "category": "Видеокарты",
            "name": "ASUS Dual GeForce GTX 1650 4GB GDDR5 DUAL-GTX1650-4G",
            "code": "es172558",
            "nds_vat": "20%",
            "unit": "шт.",
            "url": "https://catalog.onliner.by/videocard/asus/dualgtx16504g"
        },
        {
            "category": "Видеокарты",
            "name": "ASUS Dual GeForce GTX 1650 OC edition 4GB GDDR5 DUAL-GTX1650-O4G",
            "code": "es172559",
            "nds_vat": "20%",
            "unit": "шт."
        },
        {
            "category": "Видеокарты",
            "name": "ASUS Dual GeForce GTX 1660 Evo OC 6GB GDDR5 DUAL-GTX1660-O6G-EVO",
            "code": "es172666",
            "nds_vat": "20%",
            "unit": "шт."
        },
        {
            "category": "Видеокарты",
            "name": "ASUS GeForce GT 710 LP BRK 2GB GDDR5",
            "code": "es172553",
            "nds_vat": "20%",
            "unit": "шт.",
            "url": "https://catalog.onliner.by/videocard/asus/gt710sl2gd5brk"
        },
        {
            "category": "Видеокарты",
            "name": "ASUS GeForce GTX 1050 Ti 4GB GDDR5 [PH-GTX1050TI-4G]",
            "code": "es172554",
            "nds_vat": "20%",
            "unit": "шт."
        },
        {
            "category": "Видеокарты",
            "name": "Gigabyte GeForce GT 1030 Silent Low Profile 2GB GDDR5 [GV-N1030SL-2GL]",
            "code": "es172598",
            "nds_vat": "20%",
            "unit": "шт."
        },
        {
            "category": "Видеокарты",
            "name": "Gigabyte GeForce GT 710 1GB GDDR5 (rev. 2.0) GV-N710D5-1GL",
            "code": "es172599",
            "nds_vat": "20%",
            "unit": "шт."
        },
        {
            "category": "Видеокарты",
            "name": "Gigabyte GeForce GTX 1650 Mini ITX OC 4GB GDDR5 GV-N1650IXOC-4GD",
            "code": "es172604",
            "nds_vat": "20%",
            "unit": "шт."
        },
        {
            "category": "Видеокарты",
            "name": "Gigabyte GeForce GTX 1650 OC 4GB GDDR5 GV-N1650OC-4GD",
            "code": "es172605",
            "nds_vat": "20%",
            "unit": "шт."
        },
        {
            "category": "Видеокарты",
            "name": "MSI Radeon RX 5700 Gaming X 8GB GDDR6",
            "code": "es172635",
            "nds_vat": "20%",
            "unit": "шт."
        },
        {
            "category": "Блоки питания",
            "name": "AeroCool Cylon 600W",
            "code": "es193929",
            "nds_vat": "20%",
            "unit": "шт.",
            "url": "https://catalog.onliner.by/powersupply/aerocool/cylon600w"
        },
        {
            "category": "Блоки питания",
            "name": "AeroCool Cylon 700W",
            "code": "es193928",
            "nds_vat": "20%",
            "unit": "шт.",
            "url": "https://catalog.onliner.by/powersupply/aerocool/cylon700w"
        },
        {
            "category": "Блоки питания",
            "name": "AeroCool ECO-400W",
            "code": "es193932",
            "nds_vat": "20%",
            "unit": "шт."
        },
        {
            "category": "Блоки питания",
            "name": "AeroCool ECO-450W",
            "code": "es193909",
            "nds_vat": "20%",
            "unit": "шт."
        },
        {
            "category": "Блоки питания",
            "name": "AeroCool ECO-500W",
            "code": "es193907",
            "nds_vat": "20%",
            "unit": "шт."
        },
        {
            "category": "Блоки питания",
            "name": "AeroCool ECO-550W",
            "code": "es193908",
            "nds_vat": "20%",
            "unit": "шт."
        },
        {
            "category": "Блоки питания",
            "name": "be quiet! Dark Power Pro 11 1200W",
            "code": "es194075",
            "nds_vat": "20%",
            "unit": "шт.",
            "url": "https://catalog.onliner.by/powersupply/bequiet/darkpowerpro1200"
        },
        {
            "category": "Блоки питания",
            "name": "be quiet! Dark Power Pro 11 550W",
            "code": "es194074",
            "nds_vat": "20%",
            "unit": "шт."
        },
        {
            "category": "Блоки питания",
            "name": "be quiet! Dark Power Pro 11 650W",
            "code": "es194076",
            "nds_vat": "20%",
            "unit": "шт."
        },
        {
            "category": "Блоки питания",
            "name": "be quiet! Dark Power Pro 11 750W",
            "code": "es194077",
            "nds_vat": "20%",
            "unit": "шт.",
            "url": "https://catalog.onliner.by/powersupply/bequiet/darkpowerpro750"
        },
        {
            "category": "Блоки питания",
            "name": "be quiet! SFX Power 2 300W",
            "code": "es194068",
            "nds_vat": "20%",
            "unit": "шт."
        },
        {
            "category": "Микрофоны",
            "name": "Audio-Technica MB2k",
            "code": "es183125",
            "nds_vat": "20%",
            "unit": "шт."
        },
        {
            "category": "Микрофоны",
            "name": "Audio-Technica MB3k",
            "code": "es183126",
            "nds_vat": "20%",
            "unit": "шт."
        },
        {
            "category": "Микрофоны",
            "name": "BEHRINGER B1",
            "code": "es213267",
            "nds_vat": "20%",
            "unit": "шт.",
            "url": "https://catalog.onliner.by/microphones/behringer/behringerb1"
        },
        {
            "category": "Микрофоны",
            "name": "BEHRINGER C-1U",
            "code": "es213266",
            "nds_vat": "20%",
            "unit": "шт.",
            "url": "https://catalog.onliner.by/microphones/behringer/behringer_c1u"
        },
        {
            "category": "Микрофоны",
            "name": "BEHRINGER C-2",
            "code": "es213265",
            "nds_vat": "20%",
            "unit": "шт."
        },
        {
            "category": "Микрофоны",
            "name": "Defender MIC-109",
            "code": "es209863",
            "nds_vat": "20%",
            "unit": "шт.",
            "url": "https://catalog.onliner.by/microphones/defender/mic109"
        },
        {
            "category": "Микрофоны",
            "name": "Defender MIC-111",
            "code": "es195758",
            "nds_vat": "20%",
            "unit": "шт."
        },
        {
            "category": "Микрофоны",
            "name": "Defender MIC-115",
            "code": "es163818",
            "nds_vat": "20%",
            "unit": "шт."
        },
        {
            "category": "Микрофоны",
            "name": "Ritmix RCM-100",
            "code": "es212564",
            "nds_vat": "20%",
            "unit": "шт."
        },
        {
            "category": "Микрофоны",
            "name": "Ritmix RCM-101",
            "code": "es209865",
            "nds_vat": "20%",
            "unit": "шт."
        },
        {
            "category": "Микрофоны",
            "name": "Ritmix RCM-102",
            "code": "es209866",
            "nds_vat": "20%",
            "unit": "шт."
        },
        {
            "category": "Микрофоны",
            "name": "Ritmix RDM-115",
            "code": "es209867",
            "nds_vat": "20%",
            "unit": "шт.",
            "url": "https://catalog.onliner.by/microphones/ritmix/ritmix_rdm115"
        },
        {
            "category": "Микрофоны",
            "name": "Ritmix RDM-120",
            "code": "es219341",
            "nds_vat": "20%",
            "unit": "шт."
        },
        {
            "category": "Микрофоны",
            "name": "RODE NT2-A",
            "code": "es213274",
            "nds_vat": "20%",
            "unit": "шт.",
            "url": "https://catalog.onliner.by/microphones/rode/nt2a"
        },
        {
            "category": "Ноутбуки",
            "name": "Apple MacBook Pro 13\" Touch Bar 2019 MUHP2",
            "nds_vat": "20%",
            "unit": "шт.",
            "url": "https://catalog.onliner.by/notebook/apple/muhp2"
        },
        {
            "category": "Ноутбуки",
            "name": "Apple MacBook Pro 13\" Touch Bar 2019 MV972",
            "nds_vat": "20%",
            "unit": "шт.",
            "url": "https://catalog.onliner.by/notebook/apple/mv972"
        },
        {
            "category": "Ноутбуки",
            "name": "Apple MacBook Pro 15\" 2019 MV902",
            "nds_vat": "20%",
            "unit": "шт."
        },
        {
            "category": "Ноутбуки",
            "name": "ASUS ASUSPro P1440FA-FA0377",
            "code": "es161514",
            "nds_vat": "20%",
            "unit": "шт."
        },
        {
            "category": "Ноутбуки",
            "name": "ASUS D509DA-BQ242T",
            "code": "es168583",
            "nds_vat": "20%",
            "unit": "шт."
        },
        {
            "category": "Ноутбуки",
            "name": "ASUS D509DA-EJ075",
            "code": "es212652",
            "nds_vat": "20%",
            "unit": "шт."
        },
        {
            "category": "Ноутбуки",
            "name": "ASUS VivoBook 14 X403FA-EB004T",
            "code": "es215618",
            "nds_vat": "20%",
            "unit": "шт.",
            "url": "https://catalog.onliner.by/notebook/asus/x403faeb004t"
        },
        {
            "category": "Ноутбуки",
            "name": "ASUS ZenBook 13 UX331FN-EM040T",
            "code": "es168576",
            "nds_vat": "20%",
            "unit": "шт."
        },
        {
            "category": "Ноутбуки",
            "name": "ASUS ZenBook 13 UX331UN-EG080T",
            "code": "es191861",
            "nds_vat": "20%",
            "unit": "шт."
        },
        {
            "category": "Ноутбуки",
            "name": "Dell G3 3590 G315-1550",
            "code": "es168615",
            "nds_vat": "20%",
            "unit": "шт."
        },
        {
            "category": "Ноутбуки",
            "name": "Dell G3 3590 G315-1574",
            "code": "es168611",
            "nds_vat": "20%",
            "unit": "шт.",
            "url": "https://catalog.onliner.by/notebook/dell/g3151574"
        },
        {
            "category": "Ноутбуки",
            "name": "Dell G3 3590 G315-1581",
            "code": "es168612",
            "nds_vat": "20%",
            "unit": "шт."
        },
        {
            "category": "Ноутбуки",
            "name": "Dell G3 3590 G315-3448",
            "code": "es168616",
            "nds_vat": "20%",
            "unit": "шт."
        },
        {
            "category": "Ноутбуки",
            "name": "HP Elite Dragonfly 8MK76EA",
            "code": "es215663",
            "nds_vat": "20%",
            "unit": "шт.",
            "url": "https://catalog.onliner.by/notebook/hp/8mk76ea"
        },
        {
            "category": "Ноутбуки",
            "name": "HP Elite Dragonfly 8MK78EA",
            "code": "es191899",
            "nds_vat": "20%",
            "unit": "шт."
        },
        {
            "category": "Ноутбуки",
            "name": "HP Elite Dragonfly 8MK85EA",
            "code": "es215688",
            "nds_vat": "20%",
            "unit": "шт."
        },
        {
            "category": "Ноутбуки",
            "name": "HP EliteBook 1030 G1 [X2F02EA]",
            "code": "es215660",
            "nds_vat": "20%",
            "unit": "шт.",
            "url": "https://catalog.onliner.by/notebook/hp/x2f02ea"
        },
        {
            "category": "Ноутбуки",
            "name": "HP Pavilion 15-bc532ur 7NG09EA",
            "code": "es211124",
            "nds_vat": "20%",
            "unit": "шт."
        },
        {
            "category": "Фены",
            "name": "Aresa AR-3201",
            "code": "es195927",
            "nds_vat": "20%",
            "unit": "шт.",
            "url": "https://catalog.onliner.by/hairdryer/aresa/ar3201"
        },
        {
            "category": "Фены",
            "name": "Aresa AR-3203",
            "code": "es195922",
            "nds_vat": "20%",
            "unit": "шт."
        },
        {
            "category": "Фены",
            "name": "BaByliss 667E",
            "code": "es212872",
            "nds_vat": "20%",
            "unit": "шт.",
            "url": "https://catalog.onliner.by/hairdryer/babyliss/babyliss667e"
        },
        {
            "category": "Фены",
            "name": "BaByliss 6732E",
            "code": "es219054",
            "nds_vat": "20%",
            "unit": "шт."
        },
        {
            "category": "Фены",
            "name": "Beurer HC 25",
            "code": "es195843",
            "nds_vat": "20%",
            "unit": "шт."
        },
        {
            "category": "Фены",
            "name": "Beurer HC 30",
            "code": "es164183",
            "nds_vat": "20%",
            "unit": "шт."
        },
        {
            "category": "Фены",
            "name": "Beurer HC 50",
            "code": "es195842",
            "nds_vat": "20%",
            "unit": "шт."
        },
        {
            "category": "Фены",
            "name": "Beurer HC 55",
            "code": "es195840",
            "nds_vat": "20%",
            "unit": "шт."
        },
        {
            "category": "Фены",
            "name": "Dyson Supersonic (фуксия)",
            "code": "es161364",
            "nds_vat": "20%",
            "unit": "шт.",
            "url": "https://catalog.onliner.by/hairdryer/dyson/hd07supersonic"
        },
        {
            "category": "Фены",
            "name": "Ergolux ELX-HD02",
            "code": "es166957",
            "nds_vat": "20%",
            "unit": "шт."
        },
        {
            "category": "Фотоаппараты",
            "name": "Canon PowerShot G5 X Mark II",
            "code": "es197556",
            "nds_vat": "20%",
            "unit": "шт.",
            "url": "https://catalog.onliner.by/photo/canon/psg5xmarkii"
        },
        {
            "category": "Фотоаппараты",
            "name": "Canon PowerShot G7 X Mark II",
            "code": "es177745",
            "nds_vat": "20%",
            "unit": "шт."
        },
        {
            "category": "Фотоаппараты",
            "name": "Canon PowerShot G9 X Mark II (серебристый)",
            "code": "es161240",
            "nds_vat": "20%",
            "unit": "шт.",
            "url": "https://catalog.onliner.by/photo/canon/psg9x2s"
        },
        {
            "category": "Фотоаппараты",
            "name": "Canon Zoemini C (желтый)",
            "code": "es177736",
            "nds_vat": "20%",
            "unit": "шт."
        },
        {
            "category": "Фотоаппараты",
            "name": "Nikon Coolpix B600 (черный)",
            "code": "es161237",
            "nds_vat": "20%",
            "unit": "шт.",
            "url": "https://catalog.onliner.by/photo/nikon/coolpixb600b"
        },
        {
            "category": "Фотоаппараты",
            "name": "Nikon Coolpix P1000",
            "code": "es197552",
            "nds_vat": "20%",
            "unit": "шт."
        },
        {
            "category": "Фотоаппараты",
            "name": "Nikon Coolpix P900",
            "code": "es177748",
            "nds_vat": "20%",
            "unit": "шт."
        },
        {
            "category": "Фотоаппараты",
            "name": "Panasonic Lumix DC-FT7 (оранжевый)",
            "code": "es216712",
            "nds_vat": "20%",
            "unit": "шт.",
            "url": "https://catalog.onliner.by/photo/panasonic/lumixdcft7o"
        },
        {
            "category": "Фотоаппараты",
            "name": "Panasonic Lumix DC-FZ82",
            "code": "es216709",
            "nds_vat": "20%",
            "unit": "шт.",
            "url": "https://catalog.onliner.by/photo/panasonic/fz82"
        },
        {
            "category": "Фотоаппараты",
            "name": "Panasonic Lumix DC-G90 Body",
            "code": "es216711",
            "nds_vat": "20%",
            "unit": "шт."
        },
        {
            "category": "Фотоаппараты",
            "name": "Polaroid Snap Touch (белый)",
            "code": "es218815",
            "nds_vat": "20%",
            "unit": "шт.",
            "url": "https://catalog.onliner.by/photo/polaroid/snaptouchw"
        },
        {
            "category": "Фотоаппараты",
            "name": "Polaroid Snap Touch (черный)",
            "code": "es218816",
            "nds_vat": "20%",
            "unit": "шт."
        },
        {
            "category": "Фотоаппараты",
            "name": "Olympus OM-D E-M1 Body",
            "code": "es216713",
            "nds_vat": "20%",
            "unit": "шт.",
            "url": "https://catalog.onliner.by/photo/olympus/em1m2b"
        },
        {
            "category": "Фотоаппараты",
            "name": "Olympus OM-D E-M10 Mark III Body (черный)",
            "nds_vat": "20%",
            "unit": "шт."
        },
        {
            "category": "Фотоаппараты",
            "name": "Olympus Tough TG-6 (красный)",
            "code": "es197571",
            "nds_vat": "20%",
            "unit": "шт.",
            "url": "https://catalog.onliner.by/photo/olympus/toughtg6r"
        },
        {
            "category": "Фотоаппараты",
            "name": "Fujifilm FinePix XP140 (белый)",
            "code": "es216707",
            "nds_vat": "20%",
            "unit": "шт."
        },
        {
            "category": "Фотоаппараты",
            "name": "Fujifilm FinePix XP140 (желтый)",
            "code": "es197570",
            "nds_vat": "20%",
            "unit": "шт.",
            "url": "https://catalog.onliner.by/photo/fuji/finepixxp140y"
        },
        {
            "category": "Фотоаппараты",
            "name": "Fujifilm FinePix XP140 (синий)",
            "code": "es197569",
            "nds_vat": "20%",
            "unit": "шт."
        }
    ]
}