ВидНоменклатуры;Наименование;Артикул;СтавкаНДС;ЕдиницаИзмерения;АдресНаСайте
Микроволновые печи;BBK 17MWS-782MB;es186982;20%;шт.;
Микроволновые печи;BBK 17MWS-783M/W;es171448;20%;шт.;
Микроволновые печи;Bosch BEL524MB0;es162908;20%;шт.;https://catalog.onliner.by/microvawe/bosch/bel524mb0
Микроволновые печи;Bosch BEL524MS0;es162909;20%;шт.;
Микроволновые печи;Bosch BEL634GS1;es162920;20%;шт.;https://catalog.onliner.by/microvawe/bosch/bel634gs1
Микроволновые печи;Candy CMXC 25DCS;es186997;20%;шт.;
Микроволновые печи;Candy CMXC 30DCS;es187002;20%;шт.;
Микроволновые печи;Electrolux EMT25203K;es162916;20%;шт.;https://catalog.onliner.by/microvawe/electrolux/emt25203k
Микроволновые печи;Electrolux EMT25203OC;es162914;20%;шт.;
Видеокамеры;Canon Legria HF G26;es177743;20%;шт.;
Видеокамеры;Panasonic HC-VXF1;es197545;20%;шт.;https://catalog.onliner.by/video/panasonic/hcvxf1
Видеокамеры;Panasonic HC-VXF990;es197542;20%;шт.;
Видеокамеры;Sony FDR-AX33;es197538;20%;шт.;https://catalog.onliner.by/video/sony/fdrax33
Видеокамеры;Sony FDR-AX53;es161231;20%;шт.;
Видеокамеры;Sony FDR-AX700;es197540;20%;шт.;
Видеокамеры;Sony HDR-CX625;es197539;20%;шт.;
Видеокамеры;Canon Legria HF R806 (белый);es197549;20%;шт.;https://catalog.onliner.by/video/canon/legriahfr806w
Видеокамеры;Canon Legria HF R806 (черный);es161232;20%;шт.;
Видеокамеры;Panasonic HC-V380;es197543;20%;шт.;https://catalog.onliner.by/video/panasonic/hcv380
Видеокарты;ASUS Dual GeForce GTX 1650 4GB GDDR5 DUAL-GTX1650-4G;es172558;20%;шт.;https://catalog.onliner.by/videocard/asus/dualgtx16504g
Видеокарты;ASUS Dual GeForce GTX 1650 OC edition 4GB GDDR5 DUAL-GTX1650-O4G;es172559;20%;шт.;
Видеокарты;ASUS Dual GeForce GTX 1660 Evo OC 6GB GDDR5 DUAL-GTX1660-O6G-EVO;es172666;20%;шт.;
Видеокарты;ASUS GeForce GT 710 LP BRK 2GB GDDR5;es172553;20%;шт.;https://catalog.onliner.by/videocard/asus/gt710sl2gd5brk
Видеокарты;ASUS GeForce GTX 1050 Ti 4GB GDDR5 [PH-GTX1050TI-4G];es172554;20%;шт.;
Видеокарты;Gigabyte GeForce GT 1030 Silent Low Profile 2GB GDDR5 [GV-N1030SL-2GL];es172598;20%;шт.;
Видеокарты;Gigabyte GeForce GT 710 1GB GDDR5 (rev. 2.0) GV-N710D5-1GL;es172599;20%;шт.;
Видеокарты;Gigabyte GeForce GTX 1650 Mini ITX OC 4GB GDDR5 GV-N1650IXOC-4GD;es172604;20%;шт.;
Видеокарты;Gigabyte GeForce GTX 1650 OC 4GB GDDR5 GV-N1650OC-4GD;es172605;20%;шт.;
Видеокарты;MSI Radeon RX 5700 Gaming X 8GB GDDR6;es172635;20%;шт.;
Блоки питания;AeroCool Cylon 600W;es193929;20%;шт.;https://catalog.onliner.by/powersupply/aerocool/cylon600w
Блоки питания;AeroCool Cylon 700W;es193928;20%;шт.;https://catalog.onliner.by/powersupply/aerocool/cylon700w
Блоки питания;AeroCool ECO-400W;es193932;20%;шт.;
Блоки питания;AeroCool ECO-450W;es193909;20%;шт.;
Блоки питания;AeroCool ECO-500W;es193907;20%;шт.;
Блоки питания;AeroCool ECO-550W;es193908;20%;шт.;
Блоки питания;be quiet! Dark Power Pro 11 1200W;es194075;20%;шт.;https://catalog.onliner.by/powersupply/bequiet/darkpowerpro1200
Блоки питания;be quiet! Dark Power Pro 11 550W;es194074;20%;шт.;
Блоки питания;be quiet! Dark Power Pro 11 650W;es194076;20%;шт.;
Блоки питания;be quiet! Dark Power Pro 11 750W;es194077;20%;шт.;https://catalog.onliner.by/powersupply/bequiet/darkpowerpro750
Блоки питания;be quiet! SFX Power 2 300W;es194068;20%;шт.;
Микрофоны;Audio-Technica MB2k;es183125;20%;шт.;
Микрофоны;Audio-Technica MB3k;es183126;20%;шт.;
Микрофоны;BEHRINGER B1;es213267;20%;шт.;https://catalog.onliner.by/microphones/behringer/behringerb1
Микрофоны;BEHRINGER C-1U;es213266;20%;шт.;https://catalog.onliner.by/microphones/behringer/behringer_c1u
Микрофоны;BEHRINGER C-2;es213265;20%;шт.;
Микрофоны;Defender MIC-109;es209863;20%;шт.;https://catalog.onliner.by/microphones/defender/mic109
Микрофоны;Defender MIC-111;es195758;20%;шт.;
Микрофоны;Defender MIC-115;es163818;20%;шт.;
Микрофоны;Ritmix RCM-100;es212564;20%;шт.;
Микрофоны;Ritmix RCM-101;es209865;20%;шт.;
Микрофоны;Ritmix RCM-102;es209866;20%;шт.;
Микрофоны;Ritmix RDM-115;es209867;20%;шт.;https://catalog.onliner.by/microphones/ritmix/ritmix_rdm115
Микрофоны;Ritmix RDM-120;es219341;20%;шт.;
Микрофоны;RODE NT2-A;es213274;20%;шт.;https://catalog.onliner.by/microphones/rode/nt2a
Ноутбуки;Apple MacBook Pro 13" Touch Bar 2019 MUHP2;;20%;шт.;https://catalog.onliner.by/notebook/apple/muhp2
Ноутбуки;Apple MacBook Pro 13" Touch Bar 2019 MV972;;20%;шт.;https://catalog.onliner.by/notebook/apple/mv972
Ноутбуки;Apple MacBook Pro 15" 2019 MV902;;20%;шт.;
Ноутбуки;ASUS ASUSPro P1440FA-FA0377;es161514;20%;шт.;
Ноутбуки;ASUS D509DA-BQ242T;es168583;20%;шт.;
Ноутбуки;ASUS D509DA-EJ075;es212652;20%;шт.;
Ноутбуки;ASUS VivoBook 14 X403FA-EB004T;es215618;20%;шт.;https://catalog.onliner.by/notebook/asus/x403faeb004t
Ноутбуки;ASUS ZenBook 13 UX331FN-EM040T;es168576;20%;шт.;
Ноутбуки;ASUS ZenBook 13 UX331UN-EG080T;es191861;20%;шт.;
Ноутбуки;Dell G3 3590 G315-1550;es168615;20%;шт.;
Ноутбуки;Dell G3 3590 G315-1574;es168611;20%;шт.;https://catalog.onliner.by/notebook/dell/g3151574
Ноутбуки;Dell G3 3590 G315-1581;es168612;20%;шт.;
Ноутбуки;Dell G3 3590 G315-3448;es168616;20%;шт.;
Ноутбуки;HP Elite Dragonfly 8MK76EA;es215663;20%;шт.;https://catalog.onliner.by/notebook/hp/8mk76ea
Ноутбуки;HP Elite Dragonfly 8MK78EA;es191899;20%;шт.;
Ноутбуки;HP Elite Dragonfly 8MK85EA;es215688;20%;шт.;
Ноутбуки;HP EliteBook 1030 G1 [X2F02EA];es215660;20%;шт.;https://catalog.onliner.by/notebook/hp/x2f02ea
Ноутбуки;HP Pavilion 15-bc532ur 7NG09EA;es211124;20%;шт.;
Фены;Aresa AR-3201;es195927;20%;шт.;https://catalog.onliner.by/hairdryer/aresa/ar3201
Фены;Aresa AR-3203;es195922;20%;шт.;
Фены;BaByliss 667E;es212872;20%;шт.;https://catalog.onliner.by/hairdryer/babyliss/babyliss667e
Фены;BaByliss 6732E;es219054;20%;шт.;
Фены;Beurer HC 25;es195843;20%;шт.;
Фены;Beurer HC 30;es164183;20%;шт.;
Фены;Beurer HC 50;es195842;20%;шт.;
Фены;Beurer HC 55;es195840;20%;шт.;
Фены;Dyson Supersonic (фуксия);es161364;20%;шт.;https://catalog.onliner.by/hairdryer/dyson/hd07supersonic
Фены;Ergolux ELX-HD02;es166957;20%;шт.;
Фотоаппараты;Canon PowerShot G5 X Mark II;es197556;20%;шт.;https://catalog.onliner.by/photo/canon/psg5xmarkii
Фотоаппараты;Canon PowerShot G7 X Mark II;es177745;20%;шт.;
Фотоаппараты;Canon PowerShot G9 X Mark II (серебристый);es161240;20%;шт.;https://catalog.onliner.by/photo/canon/psg9x2s
Фотоаппараты;Canon Zoemini C (желтый);es177736;20%;шт.;
Фотоаппараты;Nikon Coolpix B600 (черный);es161237;20%;шт.;https://catalog.onliner.by/photo/nikon/coolpixb600b
Фотоаппараты;Nikon Coolpix P1000;es197552;20%;шт.;
Фотоаппараты;Nikon Coolpix P900;es177748;20%;шт.;
Фотоаппараты;Panasonic Lumix DC-FT7 (оранжевый);es216712;20%;шт.;https://catalog.onliner.by/photo/panasonic/lumixdcft7o
Фотоаппараты;Panasonic Lumix DC-FZ82;es216709;20%;шт.;https://catalog.onliner.by/photo/panasonic/fz82
Фотоаппараты;Panasonic Lumix DC-G90 Body;es216711;20%;шт.;
Фотоаппараты;Polaroid Snap Touch (белый);es218815;20%;шт.;https://catalog.onliner.by/photo/polaroid/snaptouchw
Фотоаппараты;Polaroid Snap Touch (черный);es218816;20%;шт.;
Фотоаппараты;Olympus OM-D E-M1 Body;es216713;20%;шт.;https://catalog.onliner.by/photo/olympus/em1m2b
Фотоаппараты;Olympus OM-D E-M10 Mark III Body (черный);;20%;шт.;
Фотоаппараты;Olympus Tough TG-6 (красный);es197571;20%;шт.;https://catalog.onliner.by/photo/olympus/toughtg6r
Фотоаппараты;Fujifilm FinePix XP140 (белый);es216707;20%;шт.;
Фотоаппараты;Fujifilm FinePix XP140 (желтый);es197570;20%;шт.;https://catalog.onliner.by/photo/fuji/finepixxp140y
Фотоаппараты;Fujifilm FinePix XP140 (синий);es197569;20%;шт.;